{"2": [{"name": "THERMAL", "precision": [0.32693301188221113, 0.6120032441200325, 0.6568026615303799, 0.6707273378717306, 0.6812203142126416, 0.6913027248973498, 0.7005552364541451, 0.7049883086515978, 0.7073025925192955, 0.7118270962577546, 0.7162216828478964, 0.7206543967280163, 0.7284795685542419, 0.7367088607594937, 0.7373007438894793, 0.7378807378807379, 0.7377084687026207], "recall": [0.7845041322314049, 0.7795454545454545, 0.775, 0.7735537190082644, 0.7704545454545455, 0.7652892561983471, 0.7559917355371901, 0.7475206611570248, 0.7384297520661157, 0.7349173553719008, 0.7316115702479339, 0.728099173553719, 0.7256198347107438, 0.7214876033057851, 0.7167355371900826, 0.7107438016528925, 0.7037190082644628]}, {"name": "RGB", "precision": [0.07701970443349754, 0.07701970443349754, 0.08309859154929577, 0.12376080577365374, 0.1513510876987611, 0.20238173564050266, 0.25933129573029545, 0.34156998643965647, 0.35175083582614813], "recall": [0.6460743801652893, 0.6460743801652893, 0.6460743801652893, 0.6448347107438016, 0.6411157024793388, 0.6355371900826446, 0.5785123966942148, 0.4683884297520661, 0.41301652892561985]}, {"name": "BGF", "precision": [0.1300784410285272, 0.4188103829589105, 0.5198626045400239, 0.5583923571075605, 0.5840738804669803, 0.6040875384337131, 0.6262227238525206, 0.6443409046787032, 0.6531416190663778, 0.6594853381208857, 0.6638486312399355, 0.668360089412721, 0.6714490674318508, 0.6755693581780539, 0.6778312748586979, 0.6794899043570669, 0.6774967291757523], "recall": [0.7640495867768595, 0.7433884297520661, 0.7192148760330579, 0.7004132231404959, 0.6925619834710743, 0.6900826446280992, 0.6878099173553719, 0.6857438016528926, 0.6851239669421487, 0.6830578512396694, 0.6814049586776859, 0.6795454545454546, 0.6768595041322314, 0.6741735537190082, 0.6690082644628099, 0.6605371900826447, 0.6419421487603306]}, {"name": "MFB", "precision": [0.08470443349753695, 0.11356730223394663, 0.19406667814311127, 0.2663918179655911, 0.33903494879104634, 0.4053588009019764, 0.5030080213903744, 0.5887947074633036, 0.6399181632189134, 0.6642110266159695, 0.6839378238341969, 0.6929256284011401, 0.6671457315320495, 0.653398652786283, 0.6667770785028155, 0.7655389457120377, 0.7383750638732755], "recall": [0.7105371900826446, 0.7026859504132231, 0.6987603305785124, 0.6942148760330579, 0.6634297520661157, 0.631404958677686, 0.621900826446281, 0.5884297520661157, 0.5816115702479339, 0.5774793388429752, 0.5727272727272728, 0.5524793388429752, 0.47954545454545455, 0.4409090909090909, 0.4159090909090909, 0.40206611570247935, 0.29855371900826444]}, {"name": "MUL", "precision": [0.41173292999135697, 0.6031823347946095, 0.646779303062302, 0.6705624543462382, 0.6899793194209438, 0.7004009929348863, 0.708953780700058, 0.713867758923347, 0.7185899960614415, 0.722905915045653, 0.7258161425996394, 0.7276021743507147, 0.7294284556141062, 0.7303851640513552, 0.7325533661740559, 0.7347826086956522, 0.7360117795540597], "recall": [0.787396694214876, 0.7675619834710744, 0.7592975206611571, 0.7586776859504132, 0.7582644628099173, 0.7578512396694215, 0.7574380165289256, 0.756198347107438, 0.7539256198347107, 0.7524793388429752, 0.7487603305785124, 0.746694214876033, 0.743595041322314, 0.740495867768595, 0.7373966942148761, 0.7332644628099173, 0.7229338842975207]}, {"name": "ADD", "precision": [0.2541862899005756, 0.5135542168674698, 0.5824693685202639, 0.614489863742107, 0.6445688298058422, 0.6604383758533956, 0.6715542521994134, 0.6829038931728418, 0.6890658380268013, 0.6976512738853503, 0.7057160169662694, 0.7093355075417855, 0.7137271043424573, 0.717106630638121, 0.720125786163522, 0.722681943560365, 0.7246501614639397], "recall": [0.802892561983471, 0.775, 0.7661157024793388, 0.7640495867768595, 0.7613636363636364, 0.759504132231405, 0.7570247933884298, 0.7502066115702479, 0.7330578512396694, 0.7241735537190083, 0.721900826446281, 0.71900826446281, 0.7165289256198347, 0.7128099173553719, 0.7097107438016529, 0.7037190082644628, 0.6954545454545454]}]}