{"2": [{"name": "THERMAL", "precision": [0.20448072906778053, 0.20448072906778053, 0.3836307914187849, 0.470364996093314, 0.5368106139438086, 0.5719838955990559, 0.6151887357699221, 0.6586895527314739, 0.7183665995238967, 0.7305797650625236, 0.7536720921000397, 0.7761658031088083, 0.7889273356401384, 0.7983425414364641, 0.8018234165067178, 0.8070444104134763, 0.8147748719331356], "recall": [0.8900826446280992, 0.8900826446280992, 0.8793388429752066, 0.8706611570247934, 0.8526859504132231, 0.8512396694214877, 0.8485537190082645, 0.8245867768595041, 0.8105371900826446, 0.7966942148760331, 0.7845041322314049, 0.7737603305785123, 0.7537190082644628, 0.7165289256198347, 0.6904958677685951, 0.653305785123967, 0.6243801652892562]}, {"name": "RGB", "precision": [0.09128078817733991, 0.09128078817733991, 0.09128078817733991, 0.0945466608824355, 0.16654233494964565, 0.26931277677546334, 0.35872734186842437, 0.39961082611003007, 0.4174944812362031, 0.6021699819168174, 0.9871794871794872], "recall": [0.765702479338843, 0.765702479338843, 0.765702479338843, 0.765495867768595, 0.7380165289256199, 0.6785123966942149, 0.5847107438016529, 0.46673553719008265, 0.31260330578512396, 0.06880165289256199, 0.015909090909090907]}, {"name": "BGF", "precision": [0.2515857455887441, 0.2515857455887441, 0.4727768685215494, 0.5624097650610317, 0.5992594702363999, 0.6230685188075542, 0.6538720538720538, 0.6783773994929373, 0.7153579676674365, 0.7504098360655738, 0.7593763168984408, 0.7713043478260869, 0.7792649727767695, 0.7948343079922028, 0.808350622406639, 0.8327877795962902, 0.8566841798015178], "recall": [0.9014462809917355, 0.9014462809917355, 0.8952479338842976, 0.8853305785123967, 0.8694214876033057, 0.824793388429752, 0.8024793388429752, 0.7739669421487604, 0.7679752066115703, 0.7566115702479339, 0.7446280991735538, 0.7330578512396694, 0.7097107438016529, 0.6739669421487603, 0.6440082644628099, 0.6307851239669422, 0.606404958677686]}, {"name": "MFB", "precision": [0.5909219457013575, 0.5909219457013575, 0.6570247933884298, 0.6986931713602061, 0.7106807511737089, 0.7117575264442636, 0.7196953670404062, 0.7380374862183021, 0.7544222375373306, 0.766793711291091, 0.773686794305351, 0.7877862595419848, 0.799203187250996, 0.8114157806379407, 0.8214494447691408, 0.8208539603960396, 0.8085324232081911], "recall": [0.8634297520661157, 0.8634297520661157, 0.8212809917355371, 0.784297520661157, 0.7506198347107438, 0.7229338842975207, 0.702892561983471, 0.6915289256198347, 0.6785123966942149, 0.6650826446280992, 0.6512396694214876, 0.6396694214876033, 0.621694214876033, 0.5991735537190083, 0.5807851239669422, 0.5481404958677686, 0.48946280991735536]}, {"name": "MUL", "precision": [0.1251286330134891, 0.1251286330134891, 0.23131409239877365, 0.3445099781853438, 0.4208655655446373, 0.49705181282147787, 0.5476557032890133, 0.588188727042432, 0.6222525132049753, 0.6584149270275264, 0.6958469055374593, 0.7510068704098555, 0.7625197680548234, 0.7799832261671792, 0.7995892018779343, 0.8170356703567035, 0.8784258608573436], "recall": [0.9295454545454546, 0.9295454545454546, 0.9041322314049587, 0.8809917355371901, 0.8318181818181818, 0.8185950413223141, 0.8084710743801653, 0.7675619834710744, 0.7545454545454545, 0.7363636363636363, 0.706198347107438, 0.6549586776859504, 0.5977272727272728, 0.5764462809917356, 0.5630165289256198, 0.5489669421487603, 0.5165289256198347]}, {"name": "ADD", "precision": [0.14046490778688525, 0.14046490778688525, 0.3651705565529623, 0.5200576822233876, 0.5880331198250274, 0.6336597751178817, 0.6819745094072426, 0.7247316636851521, 0.738581146744412, 0.7355435620663069, 0.7454794520547945, 0.7530173682661172, 0.7554228230116316, 0.7680272108843538, 0.7708569271423179, 0.7814162914449447, 0.8198480107286544], "recall": [0.906404958677686, 0.906404958677686, 0.8404958677685951, 0.8196280991735537, 0.7776859504132232, 0.721900826446281, 0.6964876033057851, 0.6696280991735537, 0.628099173553719, 0.5913223140495868, 0.5621900826446281, 0.5285123966942149, 0.4964876033057851, 0.4665289256198347, 0.421900826446281, 0.3944214876033058, 0.37892561983471074]}]}