{
    "2": [
        {
            "name": "THERMAL_CNXT",
            "precision": [
                0.26723280037152525,
                0.26723280037152525,
                0.4681337181337181,
                0.5485608960725932,
                0.6178940568475452,
                0.6395528804815134,
                0.6610774170531574,
                0.674872355944566,
                0.6879551820728291,
                0.7018824433346139,
                0.7153371792321465,
                0.7389937106918238,
                0.7727686703096539,
                0.7974621766715471,
                0.8099616858237548,
                0.8124501197126895,
                0.8039041703637977
            ],
            "recall": [
                0.8322314049586776,
                0.8322314049586776,
                0.8043388429752066,
                0.7993801652892562,
                0.790495867768595,
                0.7683884297520661,
                0.765702479338843,
                0.7646694214876033,
                0.7611570247933884,
                0.7549586776859504,
                0.7429752066115702,
                0.7283057851239669,
                0.7012396694214876,
                0.675206611570248,
                0.6551652892561983,
                0.6309917355371901,
                0.5615702479338843
            ],
            "epoch": 6
        },
        {
            "name": "RGB_CNXT",
            "precision": [
                0.08896551724137931,
                0.08896551724137931,
                0.08896551724137931,
                0.09015284389877223,
                0.12273346233784849,
                0.20270852570021544,
                0.31142010019425415,
                0.39485238455715366,
                0.3934103069557871,
                0.6766743648960739
            ],
            "recall": [
                0.7462809917355372,
                0.7462809917355372,
                0.7462809917355372,
                0.7433884297520661,
                0.7076446280991735,
                0.6803719008264463,
                0.6293388429752066,
                0.5388429752066116,
                0.28863636363636364,
                0.060537190082644625
            ],
            "epoch": 1
        },
        {
            "name": "MUL_CNXT",
            "precision": [
                0.35986777450192087,
                0.35986777450192087,
                0.5114660114660114,
                0.6156313301823092,
                0.6831306990881459,
                0.7214805825242718,
                0.7477267921336435,
                0.7590679270169268,
                0.7647852484821228,
                0.7698811700182815,
                0.7717265353418308,
                0.7734962406015038,
                0.7775377969762419,
                0.7864126347455502,
                0.803661448660122,
                0.8130686517783292,
                0.8164772727272728
            ],
            "recall": [
                0.8322314049586776,
                0.8322314049586776,
                0.7741735537190083,
                0.7535123966942149,
                0.7429752066115702,
                0.7369834710743801,
                0.7305785123966942,
                0.7134297520661157,
                0.7026859504132231,
                0.6960743801652892,
                0.6880165289256198,
                0.6801652892561983,
                0.6694214876033058,
                0.6481404958677686,
                0.6258264462809917,
                0.609297520661157,
                0.593801652892562
            ],
            "epoch": 10
        },
        {
            "name": "MUL_CNXT_ENHANCED_GATES",
            "precision": [
                0.12537094167768473,
                0.12537094167768473,
                0.27325394271000963,
                0.39208934388087485,
                0.4792369431196929,
                0.5655420353982301,
                0.6303369042074212,
                0.6608781127129751,
                0.6891137473831124,
                0.7077374404107077,
                0.7079680498733684,
                0.7218076285240465,
                0.7355040142729705,
                0.75523311132255,
                0.766432513798294,
                0.7688756110809343,
                0.7833775419982316
            ],
            "recall": [
                0.8816115702479339,
                0.8816115702479339,
                0.8770661157024794,
                0.8704545454545455,
                0.8512396694214877,
                0.8450413223140496,
                0.8388429752066116,
                0.8334710743801653,
                0.8161157024793388,
                0.7975206611570248,
                0.7508264462809917,
                0.7194214876033058,
                0.6814049586776859,
                0.65599173553719,
                0.631198347107438,
                0.5849173553719008,
                0.5491735537190082
            ],
            "epoch": 4
        },
        {
            "name": "ADD_CNXT",
            "precision": [
                0.3390374331550802,
                0.3390374331550802,
                0.5474319393769296,
                0.6493374108053007,
                0.6827648114901257,
                0.7161522438932021,
                0.7285121517486662,
                0.7351141924959217,
                0.7433444259567388,
                0.7549924844320378,
                0.7602815042885419,
                0.7611073900424202,
                0.7624660018132366,
                0.764800737157337,
                0.7706616435130681,
                0.7765105556903664,
                0.7849627918911983
            ],
            "recall": [
                0.8514462809917356,
                0.8514462809917356,
                0.8059917355371901,
                0.7896694214876033,
                0.7857438016528926,
                0.781404958677686,
                0.7617768595041322,
                0.7448347107438017,
                0.7384297520661157,
                0.7264462809917356,
                0.7142561983471074,
                0.7043388429752067,
                0.6950413223140496,
                0.6859504132231405,
                0.6762396694214876,
                0.6611570247933884,
                0.6320247933884298
            ],
            "epoch": 10
        },
        {
            "name": "ADD_CNXT_ENHANCED_GATES",
            "precision": [
                0.3730230050323508,
                0.3730230050323508,
                0.5665621436716077,
                0.6370630540224118,
                0.6876131836291199,
                0.7096652165689427,
                0.7165912222003543,
                0.7269783444646832,
                0.7441464452958706,
                0.7527119769758689,
                0.7612529002320185,
                0.7627851140456182,
                0.7687041564792176,
                0.7803832576903681,
                0.7975642760487145,
                0.7929045284107298,
                0.7742904841402337
            ],
            "recall": [
                0.8576446280991735,
                0.8576446280991735,
                0.8212809917355371,
                0.7869834710743802,
                0.7845041322314049,
                0.775206611570248,
                0.7522727272727273,
                0.7421487603305785,
                0.7223140495867768,
                0.7024793388429752,
                0.677892561983471,
                0.656404958677686,
                0.6495867768595042,
                0.6394628099173554,
                0.6088842975206612,
                0.5679752066115702,
                0.4791322314049587
            ],
            "epoch": 5
        },
        {
            "name": "BGF_CNXT",