{"2": [{"name": "THERMAL", "precision": [0.5611153552330023, 0.5611153552330023, 0.6736614719950625, 0.7191525423728814, 0.7480440967283073, 0.7715073529411764, 0.7801828699384213, 0.7838143746462931, 0.7969562704681179, 0.8105449537674602, 0.8261045804620997, 0.8399831116740553, 0.8516939645501458, 0.8586878154289834, 0.8627096774193549, 0.8783185840707964, 0.8995853080568721], "recall": [0.9105371900826447, 0.9105371900826447, 0.9020661157024793, 0.8766528925619834, 0.8692148760330578, 0.8671487603305785, 0.8638429752066116, 0.8584710743801653, 0.8547520661157024, 0.8512396694214877, 0.8421487603305785, 0.822107438016529, 0.784297520661157, 0.7382231404958678, 0.690702479338843, 0.656198347107438, 0.6274793388429752]}, {"name": "RGB", "precision": [0.10231527093596059, 0.10231527093596059, 0.10231527093596059, 0.11773399014778325, 0.20198100684162157, 0.2998427672955975, 0.3482516153553782, 0.40794266243684646, 0.447856790934472, 0.6517681728880157, 0.9411764705882353, 1.0], "recall": [0.8582644628099173, 0.8582644628099173, 0.8582644628099173, 0.8394628099173553, 0.8173553719008264, 0.7880165289256198, 0.7572314049586777, 0.7173553719008264, 0.5634297520661157, 0.27417355371900826, 0.019834710743801654, 0.003305785123966942]}, {"name": "BGF", "precision": [0.15809787357995922, 0.15809787357995922, 0.3695128249268377, 0.49923031379514504, 0.5639312977099237, 0.6071058475203553, 0.6602035870092099, 0.6981132075471698, 0.7440531071362715, 0.7870278821435633, 0.8090473212424432, 0.8292144748455428, 0.8546948356807512, 0.8793497586995174, 0.8983625070581592, 0.9226804123711341, 0.9266360983743226], "recall": [0.8971074380165289, 0.8971074380165289, 0.8869834710743801, 0.8710743801652893, 0.8547520661157024, 0.8473140495867768, 0.8442148760330579, 0.8409090909090909, 0.8336776859504132, 0.8223140495867769, 0.8018595041322314, 0.7764462809917355, 0.7522727272727273, 0.7152892561983472, 0.6574380165289256, 0.5917355371900826, 0.45929752066115703]}, {"name": "MFB", "precision": [0.4567233384853168, 0.4567233384853168, 0.5596567692726777, 0.6416601409553642, 0.6930003397893306, 0.7157672701705045, 0.7283684115848175, 0.7436229205175601, 0.7625239005736137, 0.7879575915183037, 0.8128950695322377, 0.8362260792167334, 0.8402548371873525, 0.8410104011887073, 0.8367294299716276, 0.8321771611526148, 0.8287049766290899], "recall": [0.8547520661157024, 0.8547520661157024, 0.8489669421487603, 0.8464876033057851, 0.8427685950413223, 0.8413223140495868, 0.8365702479338843, 0.831198347107438, 0.8239669421487603, 0.8138429752066115, 0.797107438016529, 0.7764462809917355, 0.7357438016528925, 0.7016528925619835, 0.6702479338842975, 0.6444214876033058, 0.6227272727272727]}, {"name": "MUL", "precision": [0.44294871794871793, 0.44294871794871793, 0.5941125290023201, 0.6666666666666666, 0.6925302024842607, 0.7108603667136812, 0.7253171538885824, 0.7401341752170482, 0.762543877761718, 0.7783461210571185, 0.7947530864197531, 0.8055807622504537, 0.8177107866227037, 0.8315894369706028, 0.8543448275862069, 0.885491216655823, 0.8977673325499412], "recall": [0.8566115702479339, 0.8566115702479339, 0.8464876033057851, 0.843801652892562, 0.8409090909090909, 0.8330578512396695, 0.8150826446280992, 0.775, 0.7630165289256199, 0.7545454545454545, 0.7448347107438017, 0.7336776859504133, 0.7173553719008264, 0.6896694214876034, 0.6398760330578512, 0.562396694214876, 0.4735537190082645]}, {"name": "ADD", "precision": [0.517735755778025, 0.517735755778025, 0.6582669484636644, 0.7103274559193955, 0.7217857827169956, 0.7324318787133784, 0.7412997903563942, 0.7473952796087604, 0.7510186575166202, 0.7553053269813772, 0.7627230667547918, 0.766868415153553, 0.7699135184342285, 0.7682363804247461, 0.7656726931204508, 0.7641646489104116, 0.7669534412955465], "recall": [0.865495867768595, 0.865495867768595, 0.8365702479338843, 0.815702479338843, 0.778305785123967, 0.7386363636363636, 0.7305785123966942, 0.7262396694214877, 0.7235537190082645, 0.7206611570247934, 0.7152892561983472, 0.7068181818181818, 0.6989669421487603, 0.687603305785124, 0.6737603305785124, 0.6520661157024793, 0.6262396694214876]}]}